<?xml version="1.0" encoding="UTF-8"?>
<beans xmlns="http://www.springframework.org/schema/beans"
	xmlns:xsi="http://www.w3.org/2001/XMLSchema-instance"
	xmlns:aop="http://www.springframework.org/schema/aop"
	xmlns:context="http://www.springframework.org/schema/context"
	xsi:schemaLocation="http://www.springframework.org/schema/beans http://www.springframework.org/schema/beans/spring-beans.xsd
		http://www.springframework.org/schema/context http://www.springframework.org/schema/context/spring-context-4.3.xsd
		http://www.springframework.org/schema/aop http://www.springframework.org/schema/aop/spring-aop-4.3.xsd">
    <context:annotation-config></context:annotation-config>
    <context:component-scan base-package="dip.day02.aop.exam01.aspect"></context:component-scan>
    <context:component-scan base-package="dip.day02.aop.exam01.service"></context:component-scan>
    <aop:aspectj-autoproxy></aop:aspectj-autoproxy>
</beans>
