<?xml version="1.0" encoding="UTF-8"?>
<beans xmlns="http://www.springframework.org/schema/beans"
	xmlns:xsi="http://www.w3.org/2001/XMLSchema-instance"
	xmlns:context="http://www.springframework.org/schema/context"
	xmlns:p="http://www.springframework.org/schema/p"
	xsi:schemaLocation="http://www.springframework.org/schema/beans http://www.springframework.org/schema/beans/spring-beans.xsd
		http://www.springframework.org/schema/context http://www.springframework.org/schema/context/spring-context-4.3.xsd">
	
	<bean 
	id =  "hello"
	class="day01.di.exam01.service.HelloService">
	</bean>
	
	<bean
	id="calcsvc"
	class="day01.di.exam01.service.CalcService"  
	autowire="byType" 
	scope="prototype">
	</bean>
	
	<!-- 로거  클래스 등록, 추상클래스나 인터페이스는 등록 불가 -->
	<!-- 쓰려면 calcservice가 필요한 상황, 따라서 위에다가 property-->
	<bean
	id="mylogger"
	class="day01.di.exam01.log.MyConsoleLogger">
	</bean>
<!-- 	
	<bean
	id="logger"
	class="day01.di.exam01.log.MyFileLogger">
	<constructor-arg value="mylogger.txt"></constructor-arg>
	</bean>

	<bean
	id="myNetworkLogger"
	class="day01.di.exam01.log.MyNetworkLogger">
	</bean>

	<bean
	id="myDBLogger"
	class="day01.di.exam01.log.MyDBLogger">
	</bean>
 -->
</beans>
