<?xml version="1.0" encoding="UTF-8"?>
<beans xmlns="http://www.springframework.org/schema/beans"
	xmlns:xsi="http://www.w3.org/2001/XMLSchema-instance"
	xmlns:p="http://www.springframework.org/schema/p"
	xsi:schemaLocation="http://www.springframework.org/schema/beans http://www.springframework.org/schema/beans/spring-beans.xsd">

	<bean
		id="hello"
	 	class="dip.day01.di.exam01.service.HelloService">
	</bean> 
	<!-- 검색할때마다 새로운 객체를 만들어 반환 -->
	<bean id="calcsvc" class="dip.day01.di.exam01.service.CalcService" 
	 scope="prototype" 
	 autowire="byType">
	</bean>
	<!-- 로거 클래스 등록, 추상클래스나 인터페이스는 등록 불가 -->
	<bean id="myconlogger" class="dip.day01.di.exam01.log.MyConsoleLogger">
	</bean>
	<!-- <bean id="logger" class="dip.day01.di.exam01.log.MyFileLogger">
		<constructor-arg value="mylogger.txt"></constructor-arg>
	</bean>
	<bean id="mynetworklogger" class="dip.day01.di.exam01.service.MyNetworkLogger">
	</bean>
	<bean id="mydblogger" class="dip.day01.di.exam01.service.MyDBLogger">
	</bean> -->
    
</beans>
